Round,Agent_1_response,Agent_1_choice,Agent_2_response,Agent_2_choice,Agent_3_response,Agent_3_choice,Agent_4_response,Agent_4_choice,agreement,agreement_content
1.0,"In the context of choosing a principle for distributing goods in society under uncertainty about one’s future economic class, I will carefully consider the merits and drawbacks of several major principles of distributive justice: 

1. **Utilitarianism (Maximizing Total Welfare)**
   - This principle advocates distributing goods to maximize the overall happiness or welfare of society.
   - Advantage: It aims to produce the greatest good for the greatest number, potentially raising total societal wealth and satisfaction.
   - Drawback: It may justify extreme inequalities if sacrificing some leads to a greater total sum of welfare; those who become worst-off could be severely disadvantaged, which is a risk if one ends up in a lower class.

2. **Egalitarianism (Equality of Distribution)**
   - Goods are distributed equally among all members, ensuring no one has less than another.
   - Advantage: Provides certainty and security regardless of future social position, minimizing risks of destitution.
   - Drawback: It might reduce incentives for productivity and innovation, potentially lowering total wealth and welfare in society.

3. **Rawlsian Justice (The Difference Principle)**
   - Inequalities are allowed only if they benefit the least advantaged members of society.
   - Advantage: Acknowledges that some inequality can raise overall wealth, but constrains it to support the worst-off, offering a robust safety net under uncertainty.
   - Drawback: May still lead to inequalities some find unfair, and complexity exists in defining “least advantaged” or measuring benefits accurately.

4. **Libertarianism (Respect for Property and Voluntary Transactions)**
   - Distribution is based on free exchanges and respect for property rights, without mandated redistribution.
   - Advantage: Maximizes individual freedom and motivates productivity, innovation, and voluntary generosity.
   - Drawback: Risks leaving the least advantaged vulnerable if circumstances lead them to low income and have no guaranteed support.

**Comparison under Uncertainty of One's Class:**

- Under uncertainty, choosing an egalitarian or Rawlsian approach seems safer as they provide protection or benefit to those who might end up worst-off.
- Utilitarianism might risk leaving some very disadvantaged if the sum total welfare is maximized by unequal distribution, although it aims at overall improvement.
- Libertarianism may produce inequalities that harm those who end up in low socioeconomic positions without a safety net.

**Personal Evaluation:**

Given that I cannot be sure which income class I will belong to, seeking to minimize the risk of being disadvantaged while allowing some level of beneficial inequalities seems prudent. The Rawlsian Difference Principle balances inequality with protections for the least advantaged. It provides both an incentive structure (by allowing inequality) and a minimum guarantee (supporting those worst off), which is important under uncertainty.

**My Choice:** I favor the **Rawlsian Difference Principle** as the guiding principle for distributing goods in society under the conditions described.",1,"Thank you for outlining the scenario and the tasks ahead. Given the stakes—a payoff dependent on an unknown future position in the income distribution—choosing the principle of distributive justice requires a careful balance between fairness, risk aversion, incentives, and social cohesion.

I will evaluate the commonly discussed principles of distributive justice extensively and reflect on their implications under uncertainty about my future income class.

---

### 1. **Egalitarianism (Equality)**
- **Principle:** Everyone receives the same share of resources regardless of their contribution or needs.
- **Evaluation:**
  - This approach maximizes equality, thus protecting those who may end up in the lower-income bracket.
  - It is most risk-averse, as no matter one’s actual position, the payoff is uniform, preventing severe deprivation.
  - However, it may disincentivize effort and innovation—if rewards do not correlate with contribution, motivation could decline.
  - It may also feel unfair to those who consistently contribute more or take risks.

### 2. **Utilitarianism (Maximize total welfare)**
- **Principle:** Distribute resources to maximize the total or average utility/welfare.
- **Evaluation:**
  - This principle prioritizes overall social welfare, even if it means inequality.
  - People in high-income classes might receive more if their marginal utility of income is high enough.
  - From behind the veil of ignorance, this is risky: if I end up poor, large inequalities might leave me vulnerable.
  - The principle encourages productivity and innovation, potentially raising total wealth.
  - But the focus on total utility may overlook fairness—allowing significant suffering for the least advantaged if it raises total welfare.

### 3. **Rawlsian Justice (Maximin)**
- **Principle:** Arrange inequalities so that they benefit the least advantaged the most; prioritize the worst-off.
- **Evaluation:**
  - Since I do not know what income class I will be in, this principle directly addresses the decision under uncertainty.
  - It maximizes the position (or payoff) of the least well-off, thus providing a ""safety net.""
  - This is risk-averse and fair, as it protects against severe deprivation.
  - It might limit incentives for the better-off but ensures social stability and fairness.
  - It harmonizes well with the veil of ignorance concept.
  
### 4. **Libertarianism (Entitlement and meritocracy)**
- **Principle:** Distribution follows from just acquisition and voluntary exchange, respecting property rights.
- **Evaluation:**
  - Strong emphasis on individual freedom and responsibility.
  - Does not necessarily guarantee a minimum payoff for everyone.
  - While appealing for personal liberty, behind the veil of ignorance it is risky since individuals with bad luck or fewer opportunities could end up with very little.
  - Might generate significant inequalities.
  
### 5. **Sufficientarianism**
- **Principle:** The goal is to ensure everyone has enough—enough resources to meet basic needs.
- **Evaluation:**
  - Focuses on bringing all individuals above a threshold of sufficiency.
  - Similar to Rawls’s difference principle in practical effect, but more focused on sufficiency than maximizing the worst-off.
  - It ensures basic well-being but might allow significant inequalities above sufficiency.
  - All society members receive the reassurance of threshold adequacy, helpful behind the veil of ignorance.

---

### My Position and Choice

Given that my payoff depends on a future position I cannot predict, **risk aversion and protection against worst-case outcomes should weigh heavily** in my choice.

- Egalitarianism guarantees equality but might reduce incentives for progress and does not reward effort or merit.
- Utilitarianism could lead to high inequalities and risks severe losses for the worst-off.
- Libertarianism risks leaving the poorest with potentially no resources or support in a system driven by acquisition and exchange.
- Sufficientarianism secures a minimum floor but does not address inequalities above it.
- **Rawlsian justice (maximin) explicitly prioritizes improving the position of the least advantaged**, thus providing the strongest guarantee against ending up in the worst income class and receiving low payoffs.

Because I cannot predict which income class I will occupy, I prefer a principle that secures me the best possible minimum outcome no matter where I end up. Rawlsian justice does just that and balances fairness, risk aversion, and social stability.

---

### Final Choice: I favor **Rawlsian Justice (Maximin Principle).** 

I believe this principle aligns best with the uncertainty of my position in society and the goal of a fair and just distribution under the veil of ignorance. It provides a rational choice that protects individuals irrespective of their social class, ensuring social cohesion and minimum well-being for everyone.",1,"Thank you for initiating this important discussion. The principle we choose to distribute goods will shape not only our society's fairness but also individual well-being. We must weigh not just the immediate outcomes but also the uncertainty about our own positions in society.

Let me carefully evaluate some leading principles of distributive justice:

### 1. **Egalitarianism**  
This principle demands equal distribution of goods regardless of merit, effort, or need.  
- **Pros:** It ensures maximum equality; nobody is disadvantaged or advantaged unfairly.  
- **Cons:** It may reduce incentives for productivity, effort, and innovation because there is no reward for extra effort or talent.  
- **Regarding uncertainty:** If I don't know my future position, egalitarianism guarantees me a baseline; however, it might prevent overall growth, impacting total welfare.

### 2. **Utilitarianism**  
This principle advocates distributing goods to maximize total or average happiness/welfare.  
- **Pros:** It aims for the greatest good for the greatest number, promoting efficiency.  
- **Cons:** It can justify vast inequalities if the total welfare is maximized thus, leaving some very badly off, which may not be acceptable under risk.  
- **Regarding uncertainty:** Risk-averse individuals might dislike this since the worst-off may be very poorly served.

### 3. **Rawlsian Justice (Difference Principle)**  
John Rawls proposed that goods be distributed to maximize the position of the worst-off, ensuring social and economic inequalities benefit the least advantaged.  
- **Pros:** It safeguards the worst-off, providing a safety net while allowing some inequalities that incentivize productivity.  
- **Cons:** Potentially less efficient than utilitarianism; may reduce incentives for the better-off.  
- **Regarding uncertainty:** Very appealing because we do not know which class we belong to—we would want to ensure that if we are among the worst-off, our position is maximized.

### 4. **Libertarian Justice**  
Distribution should respect individual property rights and voluntary exchanges, regardless of outcome inequalities.  
- **Pros:** Respects individual freedom and responsibility.  
- **Cons:** May perpetuate inequalities due to unequal starting points or luck.  
- **Regarding uncertainty:** I may be disadvantaged if born into a lesser position; no state guarantees a floor.

### 5. **Sufficientarianism**  
Ensures that every person has “enough” (a certain sufficient level of goods), beyond which inequalities may be tolerated.  
- **Pros:** Avoids severe deprivation and provides stability.  
- **Cons:** Does not address inequalities above the sufficiency threshold.  
- **Regarding uncertainty:** Offers guarantees of meeting basic needs, appealing under risk; however, it leaves open disparities for those comfortable above sufficiency.

---

### My Evaluation Summary

- Egalitarianism is attractive but may inhibit incentives and economic growth.  
- Utilitarianism maximizes overall welfare but may ignore the severe disadvantage of a few.  
- Rawlsian Difference Principle seems well-suited for uncertainty about our position because it specifically optimizes the worst-off’s status.  
- Libertarianism prioritizes freedom but lacks protections for the worst-off, introducing high risk if one ends up disadvantaged.  
- Sufficientarianism ensures basic needs but doesn’t address fairness above the necessity threshold.

Given that we do not know our future social class position, prudence suggests favoring a principle that secures the best possible outcome for the least advantaged, as this safeguards us from extreme disadvantage.

---

### My Choice: **Rawlsian Difference Principle**

I favor the Rawlsian approach. It appropriately balances fairness and incentives under uncertainty by allowing inequalities only if they help improve the lot of the worst-off, thus protecting those who might end in low income classes and still encouraging productivity.

I look forward to hearing other agents' views to see if we can reach an agreement.",1,"To proceed effectively, let's first outline the main principles of distributive justice we might consider. Given the uncertainty about which income class I might belong to, it’s critical to choose a principle that fairly addresses risk and promotes stability.

**Common Principles of Distributive Justice:**

1. **Egalitarianism:** Equal distribution of goods to all, regardless of contribution, need, or circumstance.
   - *Pros:* Guarantees equality and fairness; someone in any income class is assured equal shares.
   - *Cons:* May disincentivize productivity or effort; ignores individual differences in needs or contributions.

2. **Utilitarianism:** Distribution based on maximizing overall happiness or welfare.
   - *Pros:* Maximizes total societal welfare; might help the greatest number.
   - *Cons:* Can justify inequalities if they increase total utility; may neglect individuals in worse-off positions.

3. **Rawlsian Justice (Difference Principle):** Inequalities are allowed only if they benefit the least advantaged.
   - *Pros:* Protects those in the lowest income classes; prudent choice under uncertainty.
   - *Cons:* May reduce incentives for high productivity; complex to calculate benefits.

4. **Meritocracy:** Distribution according to contribution or merit.
   - *Pros:* Rewards effort and talent; promotes efficiency.
   - *Cons:* Hard to measure merit; risky if someone unexpectedly falls into a lower income class.

5. **Needs-based Distribution:** Distribution according to individual needs.
   - *Pros:* Addresses basic survival and well-being; supports vulnerable individuals.
   - *Cons:* Difficult to define “needs” comprehensively; very subjective.

---

**Analysis Under Uncertainty of Income Class:**

Since I cannot be sure which income class I will belong to, I would adopt a principle that safeguards my potential position in the lower class while allowing some room for merit or effort. Egalitarianism provides equality but may reduce incentives. Utilitarianism may neglect me if I am in the disadvantaged group. A meritocratic system might penalize me if I turn out disadvantaged. Needs-based is compassionate but may be subjectively contested.

Rawlsian justice seems prudent: it allows inequalities but only if they improve outcomes for the worst-off, thus protecting me if I am in a lower-income class, while still recognizing the possibility of rewards for effort.

**Conclusion and Choice:**

I favor and choose the **Rawlsian Difference Principle** as the distributive justice principle for our society. It is a rational, risk-aware choice under uncertainty, protecting the least advantaged while permitting inequalities only to the extent that they benefit everyone, including me.",1,True,1
